-- MySQL dump 10.13  Distrib 8.0.34, for Win64 (x86_64)
--
-- Host: localhost    Database: quanlyhocsinh4_php
-- ------------------------------------------------------
-- Server version	8.0.35

/*!40101 SET @OLD_CHARACTER_SET_CLIENT=@@CHARACTER_SET_CLIENT */;
/*!40101 SET @OLD_CHARACTER_SET_RESULTS=@@CHARACTER_SET_RESULTS */;
/*!40101 SET @OLD_COLLATION_CONNECTION=@@COLLATION_CONNECTION */;
/*!50503 SET NAMES utf8 */;
/*!40103 SET @OLD_TIME_ZONE=@@TIME_ZONE */;
/*!40103 SET TIME_ZONE='+00:00' */;
/*!40014 SET @OLD_UNIQUE_CHECKS=@@UNIQUE_CHECKS, UNIQUE_CHECKS=0 */;
/*!40014 SET @OLD_FOREIGN_KEY_CHECKS=@@FOREIGN_KEY_CHECKS, FOREIGN_KEY_CHECKS=0 */;
/*!40101 SET @OLD_SQL_MODE=@@SQL_MODE, SQL_MODE='NO_AUTO_VALUE_ON_ZERO' */;
/*!40111 SET @OLD_SQL_NOTES=@@SQL_NOTES, SQL_NOTES=0 */;

--
-- Table structure for table `dayhoc`
--

DROP TABLE IF EXISTS `dayhoc`;
/*!40101 SET @saved_cs_client     = @@character_set_client */;
/*!50503 SET character_set_client = utf8mb4 */;
CREATE TABLE `dayhoc` (
  `MaDayHoc` int NOT NULL AUTO_INCREMENT,
  `MaMonHoc` varchar(5) CHARACTER SET utf8mb3 COLLATE utf8mb3_unicode_ci NOT NULL,
  `MaGV` int NOT NULL,
  `MaLopHoc` varchar(10) CHARACTER SET utf8mb3 COLLATE utf8mb3_unicode_ci NOT NULL,
  `MaHocKy` varchar(5) CHARACTER SET utf8mb3 COLLATE utf8mb3_unicode_ci NOT NULL,
  `MoTaPhanCong` varchar(50) CHARACTER SET utf8mb3 COLLATE utf8mb3_unicode_ci NOT NULL,
  PRIMARY KEY (`MaDayHoc`),
  KEY `fk_day_monhoc` (`MaMonHoc`),
  KEY `fk_day_gv` (`MaGV`),
  KEY `fk_day_hocky` (`MaHocKy`),
  KEY `fk_day_lophoc` (`MaLopHoc`),
  CONSTRAINT `fk_day_gv` FOREIGN KEY (`MaGV`) REFERENCES `giaovien` (`MaGV`),
  CONSTRAINT `fk_day_hocky` FOREIGN KEY (`MaHocKy`) REFERENCES `hocky` (`MaHocKy`),
  CONSTRAINT `fk_day_lophoc` FOREIGN KEY (`MaLopHoc`) REFERENCES `lophoc` (`MaLopHoc`),
  CONSTRAINT `fk_day_monhoc` FOREIGN KEY (`MaMonHoc`) REFERENCES `monhoc` (`MaMonHoc`)
) ENGINE=InnoDB AUTO_INCREMENT=178 DEFAULT CHARSET=utf8mb3 COLLATE=utf8mb3_unicode_ci;
/*!40101 SET character_set_client = @saved_cs_client */;

--
-- Dumping data for table `dayhoc`
--

LOCK TABLES `dayhoc` WRITE;
/*!40000 ALTER TABLE `dayhoc` DISABLE KEYS */;
INSERT INTO `dayhoc` VALUES (34,'TA',1,'221','20221','Tiếng anh - 10A1 - Học kỳ I 22-23'),(35,'CN',2,'221','20221','Công nghệ - 10A1 - Học kỳ I 22-23'),(36,'GD',3,'221','20221','Giáo Dục Công Dân - 10A1 - Học kỳ I 22-23'),(37,'HH',4,'221','20221','Hóa Học - 10A1 - Học kỳ I 22-23'),(38,'LS',5,'221','20221','Lịch Sử - 10A1 - Học kỳ I 22-23'),(39,'GT',6,'221','20221','Giải Tích - 10A1 - Học kỳ I 22-23'),(40,'TH',7,'221','20221','Tin Học - 10A1 - Học kỳ I 22-23'),(41,'NV',8,'221','20221','Ngữ Văn - 10A1 - Học kỳ I 22-23'),(42,'TA',1,'221','20222','Tiếng anh - 10A1 - Học kỳ II 22-23'),(43,'CN',2,'221','20222','Công nghệ - 10A1 - Học kỳ II 22-23'),(44,'GD',3,'221','20222','Giáo Dục Công Dân - 10A1 - Học kỳ II 22-23'),(45,'HH',4,'221','20222','Hóa Học - 10A1 - Học kỳ II 22-23'),(46,'LS',5,'221','20222','Lịch Sử - 10A1 - Học kỳ II 22-23'),(47,'GT',6,'221','20222','Giải Tích - 10A1 - Học kỳ II 22-23'),(48,'TH',7,'221','20222','Tin Học - 10A1 - Học kỳ II 22-23'),(49,'NV',8,'221','20222','Ngữ Văn - 10A1 - Học kỳ II 22-23'),(50,'TA',1,'222','20221','Tiếng anh - 10A2 - Học kỳ I 22-23'),(51,'CN',2,'222','20221','Công nghệ - 10A2 - Học kỳ I 22-23'),(52,'GD',3,'222','20221','Giáo Dục Công Dân - 10A2 - Học kỳ I 22-23'),(53,'HH',4,'222','20221','Hóa Học - 10A2 - Học kỳ I 22-23'),(54,'LS',5,'222','20221','Lịch Sử - 10A2 - Học kỳ I 22-23'),(55,'GT',6,'222','20221','Giải Tích - 10A2 - Học kỳ I 22-23'),(56,'TH',7,'222','20221','Tin Học - 10A2 - Học kỳ I 22-23'),(57,'NV',8,'222','20221','Ngữ Văn - 10A2 - Học kỳ I 22-23'),(58,'TA',1,'222','20222','Tiếng anh - 10A2 - Học kỳ II 22-23'),(59,'CN',2,'222','20222','Công nghệ - 10A2 - Học kỳ II 22-23'),(60,'GD',3,'222','20222','Giáo Dục Công Dân - 10A2 - Học kỳ II 22-23'),(61,'HH',4,'222','20222','Hóa Học - 10A2 - Học kỳ II 22-23'),(62,'LS',5,'222','20222','Lịch Sử - 10A2 - Học kỳ II 22-23'),(63,'GT',6,'222','20222','Giải Tích - 10A2 - Học kỳ II 22-23'),(64,'TH',7,'222','20222','Tin Học - 10A2 - Học kỳ II 22-23'),(65,'NV',8,'222','20222','Ngữ Văn - 10A2 - Học kỳ II 22-23'),(66,'TA',1,'223','20221','Tiếng anh - 10A3 - Học kỳ I 22-23'),(67,'CN',2,'223','20221','Công nghệ - 10A3 - Học kỳ I 22-23'),(68,'GD',3,'223','20221','Giáo Dục Công Dân - 10A3 - Học kỳ I 22-23'),(69,'HH',4,'223','20221','Hóa Học - 10A3 - Học kỳ I 22-23'),(70,'LS',5,'223','20221','Lịch Sử - 10A3 - Học kỳ I 22-23'),(71,'GT',6,'223','20221','Giải Tích - 10A3 - Học kỳ I 22-23'),(72,'TH',7,'223','20221','Tin Học - 10A3 - Học kỳ I 22-23'),(73,'NV',8,'223','20221','Ngữ Văn - 10A3 - Học kỳ I 22-23'),(74,'TA',1,'223','20222','Tiếng anh - 10A3 - Học kỳ II 22-23'),(75,'CN',2,'223','20222','Công nghệ - 10A3 - Học kỳ II 22-23'),(76,'GD',3,'223','20222','Giáo Dục Công Dân - 10A3 - Học kỳ II 22-23'),(77,'HH',4,'223','20222','Hóa Học - 10A3 - Học kỳ II 22-23'),(78,'LS',5,'223','20222','Lịch Sử - 10A3 - Học kỳ II 22-23'),(79,'GT',6,'223','20222','Giải Tích - 10A3 - Học kỳ II 22-23'),(80,'TH',7,'223','20222','Tin Học - 10A3 - Học kỳ II 22-23'),(81,'NV',8,'223','20222','Ngữ Văn - 10A3 - Học kỳ II 22-23'),(82,'TA',1,'211','20211','Tiếng anh - 11A1 - Học kỳ I 21-22'),(83,'CN',2,'211','20211','Công nghệ - 11A1 - Học kỳ I 21-22'),(84,'GD',3,'211','20211','Giáo Dục Công Dân - 11A1 - Học kỳ I 21-22'),(85,'HH',4,'211','20211','Hóa Học - 11A1 - Học kỳ I 21-22'),(86,'LS',5,'211','20211','Lịch Sử - 11A1 - Học kỳ I 21-22'),(87,'GT',6,'211','20211','Giải Tích - 11A1 - Học kỳ I 21-22'),(88,'TH',7,'211','20211','Tin Học - 11A1 - Học kỳ I 21-22'),(89,'NV',8,'211','20211','Ngữ Văn - 11A1 - Học kỳ I 21-22'),(90,'TA',1,'211','20212','Tiếng anh - 11A1 - Học kỳ II 21-22'),(91,'CN',2,'211','20212','Công nghệ - 11A1 - Học kỳ II 21-22'),(92,'GD',3,'211','20212','Giáo Dục Công Dân - 11A1 - Học kỳ II 21-22'),(93,'HH',4,'211','20212','Hóa Học - 11A1 - Học kỳ II 21-22'),(94,'LS',5,'211','20212','Lịch Sử - 11A1 - Học kỳ II 21-22'),(95,'GT',6,'211','20212','Giải Tích - 11A1 - Học kỳ II 21-22'),(96,'TH',7,'211','20212','Tin Học - 11A1 - Học kỳ II 21-22'),(97,'NV',8,'211','20212','Ngữ Văn - 11A1 - Học kỳ II 21-22'),(98,'TA',1,'212','20211','Tiếng anh - 11A2 - Học kỳ I 21-22'),(99,'CN',2,'212','20211','Công nghệ - 11A2 - Học kỳ I 21-22'),(100,'GD',3,'212','20211','Giáo Dục Công Dân - 11A2 - Học kỳ I 21-22'),(101,'HH',4,'212','20211','Hóa Học - 11A2 - Học kỳ I 21-22'),(102,'LS',5,'212','20211','Lịch Sử - 11A2 - Học kỳ I 21-22'),(103,'GT',6,'212','20211','Giải Tích - 11A2 - Học kỳ I 21-22'),(104,'TH',7,'212','20211','Tin Học - 11A2 - Học kỳ I 21-22'),(105,'NV',8,'212','20211','Ngữ Văn - 11A2 - Học kỳ I 21-22'),(106,'TA',1,'212','20212','Tiếng anh - 11A2 - Học kỳ II 21-22'),(107,'CN',2,'212','20212','Công nghệ - 11A2 - Học kỳ II 21-22'),(108,'GD',3,'212','20212','Giáo Dục Công Dân - 11A2 - Học kỳ II 21-22'),(109,'HH',4,'212','20212','Hóa Học - 11A2 - Học kỳ II 21-22'),(110,'LS',5,'212','20212','Lịch Sử - 11A2 - Học kỳ II 21-22'),(111,'GT',6,'212','20212','Giải Tích - 11A2 - Học kỳ II 21-22'),(112,'TH',7,'212','20212','Tin Học - 11A2 - Học kỳ II 21-22'),(113,'NV',8,'212','20212','Ngữ Văn - 11A2 - Học kỳ II 21-22'),(114,'TA',1,'213','20211','Tiếng anh - 11A3 - Học kỳ I 21-22'),(115,'CN',2,'213','20211','Công nghệ - 11A3 - Học kỳ I 21-22'),(116,'GD',3,'213','20211','Giáo Dục Công Dân - 11A3 - Học kỳ I 21-22'),(117,'HH',4,'213','20211','Hóa Học - 11A3 - Học kỳ I 21-22'),(118,'LS',5,'213','20211','Lịch Sử - 11A3 - Học kỳ I 21-22'),(119,'GT',6,'213','20211','Giải Tích - 11A3 - Học kỳ I 21-22'),(120,'TH',7,'213','20211','Tin Học - 11A3 - Học kỳ I 21-22'),(121,'NV',8,'213','20211','Ngữ Văn - 11A3 - Học kỳ I 21-22'),(122,'TA',1,'213','20212','Tiếng anh - 11A3 - Học kỳ II 21-22'),(123,'CN',2,'213','20212','Công nghệ - 11A3 - Học kỳ II 21-22'),(124,'GD',3,'213','20212','Giáo Dục Công Dân - 11A3 - Học kỳ II 21-22'),(125,'HH',4,'213','20212','Hóa Học - 11A3 - Học kỳ II 21-22'),(126,'LS',5,'213','20212','Lịch Sử - 11A3 - Học kỳ II 21-22'),(127,'GT',6,'213','20212','Giải Tích - 11A3 - Học kỳ II 21-22'),(128,'TH',7,'213','20212','Tin Học - 11A3 - Học kỳ II 21-22'),(129,'NV',8,'213','20212','Ngữ Văn - 11A3 - Học kỳ II 21-22'),(130,'TA',1,'201','20211','làm giáo viên hướng dẫn'),(131,'CN',2,'201','20201','Công nghệ - 12C1 - Học kỳ I 20-21'),(132,'GD',3,'201','20221',''),(133,'HH',4,'201','20201','Hóa Học - 12C1 - Học kỳ I 20-21'),(134,'LS',5,'201','20201','Lịch Sử - 12C1 - Học kỳ I 20-21'),(135,'GT',6,'201','20201','Giải Tích - 12C1 - Học kỳ I 20-21'),(136,'TH',7,'201','20201','Tin Học - 12C1 - Học kỳ I 20-21'),(137,'NV',8,'201','20201','Ngữ Văn - 12C1 - Học kỳ I 20-21'),(138,'TA',1,'201','20211','làm giáo viên hướng dẫn'),(139,'CN',2,'201','20202','Công nghệ - 12C1 - Học kỳ II 20-21'),(140,'GD',3,'201','20221',''),(141,'HH',4,'201','20202','Hóa Học - 12C1 - Học kỳ II 20-21'),(142,'LS',5,'201','20202','Lịch Sử - 12C1 - Học kỳ II 20-21'),(143,'GT',6,'201','20202','Giải Tích - 12C1 - Học kỳ II 20-21'),(144,'TH',7,'201','20202','Tin Học - 12C1 - Học kỳ II 20-21'),(145,'NV',8,'201','20202','Ngữ Văn - 12C1 - Học kỳ II 20-21'),(146,'TA',1,'202','20201','Tiếng anh - 12C2 - Học kỳ I 20-21'),(147,'CN',2,'202','20201','Công nghệ - 12C2 - Học kỳ I 20-21'),(148,'GD',3,'202','20201','Giáo Dục Công Dân - 12C2 - Học kỳ I 20-21'),(149,'HH',4,'202','20201','Hóa Học - 12C2 - Học kỳ I 20-21'),(150,'LS',5,'202','20201','Lịch Sử - 12C2 - Học kỳ I 20-21'),(151,'GT',6,'202','20201','Giải Tích - 12C2 - Học kỳ I 20-21'),(152,'TH',7,'202','20201','Tin Học - 12C2 - Học kỳ I 20-21'),(153,'NV',8,'202','20201','Ngữ Văn - 12C2 - Học kỳ I 20-21'),(154,'TA',1,'202','20202','Tiếng anh - 12C2 - Học kỳ II 20-21'),(155,'CN',2,'202','20202','Công nghệ - 12C2 - Học kỳ II 20-21'),(156,'GD',3,'202','20202','Giáo Dục Công Dân - 12C2 - Học kỳ II 20-21'),(157,'HH',4,'202','20202','Hóa Học - 12C2 - Học kỳ II 20-21'),(158,'LS',5,'202','20202','Lịch Sử - 12C2 - Học kỳ II 20-21'),(159,'GT',6,'202','20202','Giải Tích - 12C2 - Học kỳ II 20-21'),(160,'TH',7,'202','20202','Tin Học - 12C2 - Học kỳ II 20-21'),(161,'NV',8,'202','20202','Ngữ Văn - 12C2 - Học kỳ II 20-21'),(162,'TA',1,'203','20201','Tiếng anh - 12C3 - Học kỳ I 20-21'),(163,'CN',2,'203','20201','Công nghệ - 12C3 - Học kỳ I 20-21'),(164,'GD',3,'203','20201','Giáo Dục Công Dân - 12C3 - Học kỳ I 20-21'),(165,'HH',4,'203','20201','Hóa Học - 12C3 - Học kỳ I 20-21'),(166,'LS',5,'203','20201','Lịch Sử - 12C3 - Học kỳ I 20-21'),(167,'GT',6,'203','20201','Giải Tích - 12C3 - Học kỳ I 20-21'),(168,'TH',7,'203','20201','Tin Học - 12C3 - Học kỳ I 20-21'),(169,'NV',8,'203','20201','Ngữ Văn - 12C3 - Học kỳ I 20-21'),(170,'TA',1,'203','20202','Tiếng anh - 12C3 - Học kỳ II 20-21'),(171,'CN',2,'203','20202','Công nghệ - 12C3 - Học kỳ II 20-21'),(172,'GD',3,'203','20202','Giáo Dục Công Dân - 12C3 - Học kỳ II 20-21'),(173,'HH',4,'203','20202','Hóa Học - 12C3 - Học kỳ II 20-21'),(174,'LS',5,'203','20202','Lịch Sử - 12C3 - Học kỳ II 20-21'),(175,'GT',6,'203','20202','Giải Tích - 12C3 - Học kỳ II 20-21'),(176,'TH',7,'203','20202','Tin Học - 12C3 - Học kỳ II 20-21'),(177,'NV',8,'203','20202','Ngữ Văn - 12C3 - Học kỳ II 20-21');
/*!40000 ALTER TABLE `dayhoc` ENABLE KEYS */;
UNLOCK TABLES;

--
-- Table structure for table `diem`
--

DROP TABLE IF EXISTS `diem`;
/*!40101 SET @saved_cs_client     = @@character_set_client */;
/*!50503 SET character_set_client = utf8mb4 */;
CREATE TABLE `diem` (
  `MaDiem` int NOT NULL AUTO_INCREMENT,
  `MaHocKy` varchar(5) CHARACTER SET utf8mb3 COLLATE utf8mb3_unicode_ci NOT NULL,
  `MaMonHoc` varchar(5) CHARACTER SET utf8mb3 COLLATE utf8mb3_unicode_ci NOT NULL,
  `MaHS` int NOT NULL,
  `MaLopHoc` varchar(10) CHARACTER SET utf8mb3 COLLATE utf8mb3_unicode_ci NOT NULL,
  `DiemMieng` varchar(5) CHARACTER SET utf8mb3 COLLATE utf8mb3_unicode_ci NOT NULL,
  `Diem15Phut1` varchar(5) CHARACTER SET utf8mb3 COLLATE utf8mb3_unicode_ci NOT NULL,
  `Diem15Phut2` varchar(5) CHARACTER SET utf8mb3 COLLATE utf8mb3_unicode_ci NOT NULL,
  `Diem1Tiet1` varchar(5) CHARACTER SET utf8mb3 COLLATE utf8mb3_unicode_ci NOT NULL,
  `Diem1Tiet2` varchar(5) CHARACTER SET utf8mb3 COLLATE utf8mb3_unicode_ci NOT NULL,
  `DiemThi` varchar(5) CHARACTER SET utf8mb3 COLLATE utf8mb3_unicode_ci NOT NULL,
  `DiemTB` float NOT NULL,
  PRIMARY KEY (`MaDiem`),
  KEY `fk_diem_mahk` (`MaHocKy`),
  KEY `fk_diem_monhoc` (`MaMonHoc`),
  KEY `fk_diem_hocsinh` (`MaHS`),
  KEY `MaLopHoc` (`MaLopHoc`),
  CONSTRAINT `diem_ibfk_1` FOREIGN KEY (`MaLopHoc`) REFERENCES `lophoc` (`MaLopHoc`),
  CONSTRAINT `fk_diem_hocsinh` FOREIGN KEY (`MaHS`) REFERENCES `hocsinh` (`MaHS`),
  CONSTRAINT `fk_diem_mahk` FOREIGN KEY (`MaHocKy`) REFERENCES `hocky` (`MaHocKy`),
  CONSTRAINT `fk_diem_monhoc` FOREIGN KEY (`MaMonHoc`) REFERENCES `monhoc` (`MaMonHoc`)
) ENGINE=InnoDB AUTO_INCREMENT=38164 DEFAULT CHARSET=utf8mb3 COLLATE=utf8mb3_unicode_ci;
/*!40101 SET character_set_client = @saved_cs_client */;

--
-- Dumping data for table `diem`
--

LOCK TABLES `diem` WRITE;
/*!40000 ALTER TABLE `diem` DISABLE KEYS */;
INSERT INTO `diem` VALUES (37732,'20221','TA',2201,'221','10','10','7.5','6','8','9',8.3),(37733,'20221','CN',2201,'221','10','10','7.5','6','8','9',8.3),(37734,'20221','GD',2201,'221','10','10','7.5','6','8','9',8.3),(37735,'20221','HH',2201,'221','10','10','7.5','6','8','9',8.3),(37736,'20221','LS',2201,'221','10','10','7.5','6','8','9',8.3),(37737,'20221','GT',2201,'221','10','10','7.5','6','8','9',8.3),(37738,'20221','TH',2201,'221','10','10','7.5','6','8','9',8.3),(37739,'20221','NV',2201,'221','10','10','7.5','6','8','9',8.3),(37740,'20221','TA',2202,'221','7','8','6','8','9','10',8.5),(37741,'20221','CN',2202,'221','7','8','6','8','9','10',8.5),(37742,'20221','GD',2202,'221','7','8','6','8','9','10',8.5),(37743,'20221','HH',2202,'221','7','8','6','8','9','10',8.5),(37744,'20221','LS',2202,'221','7','8','6','8','9','10',8.5),(37745,'20221','GT',2202,'221','7','8','6','8','9','10',8.5),(37746,'20221','TH',2202,'221','7','8','6','8','9','10',8.5),(37747,'20221','NV',2202,'221','7','8','6','8','9','10',8.5),(37748,'20221','TA',2203,'221','7','8','4.5','6','8','7.5',7),(37749,'20221','CN',2203,'221','7','8','4.5','6','8','7.5',7),(37750,'20221','GD',2203,'221','7','8','4.5','6','8','7.5',7),(37751,'20221','HH',2203,'221','7','8','4.5','6','8','7.5',7),(37752,'20221','LS',2203,'221','7','8','4.5','6','8','7.5',7),(37753,'20221','GT',2203,'221','7','8','4.5','6','8','7.5',7),(37754,'20221','TH',2203,'221','7','8','4.5','6','8','7.5',7),(37755,'20221','NV',2203,'221','7','8','4.5','6','8','7.5',7),(37756,'20222','TA',2201,'221','10','10','7.5','6','8','9',8.3),(37757,'20222','CN',2201,'221','10','10','7.5','6','8','9',8.3),(37758,'20222','GD',2201,'221','10','10','7.5','6','8','9',8.3),(37759,'20222','HH',2201,'221','10','10','7.5','6','8','9',8.3),(37760,'20222','LS',2201,'221','10','10','7.5','6','8','9',8.3),(37761,'20222','GT',2201,'221','10','10','7.5','6','8','9',8.3),(37762,'20222','TH',2201,'221','10','10','7.5','6','8','9',8.3),(37763,'20222','NV',2201,'221','10','10','7.5','6','8','9',8.3),(37764,'20222','TA',2202,'221','7','8','6','8','9','10',8.5),(37765,'20222','CN',2202,'221','7','8','6','8','9','10',8.5),(37766,'20222','GD',2202,'221','7','8','6','8','9','10',8.5),(37767,'20222','HH',2202,'221','7','8','6','8','9','10',8.5),(37768,'20222','LS',2202,'221','7','8','6','8','9','10',8.5),(37769,'20222','GT',2202,'221','7','8','6','8','9','10',8.5),(37770,'20222','TH',2202,'221','7','8','6','8','9','10',8.5),(37771,'20222','NV',2202,'221','7','8','6','8','9','10',8.5),(37772,'20222','TA',2203,'221','7','8','4.5','6','8','7.5',7),(37773,'20222','CN',2203,'221','7','8','4.5','6','8','7.5',7),(37774,'20222','GD',2203,'221','7','8','4.5','6','8','7.5',7),(37775,'20222','HH',2203,'221','7','8','4.5','6','8','7.5',7),(37776,'20222','LS',2203,'221','7','8','4.5','6','8','7.5',7),(37777,'20222','GT',2203,'221','7','8','4.5','6','8','7.5',7),(37778,'20222','TH',2203,'221','7','8','4.5','6','8','7.5',7),(37779,'20222','NV',2203,'221','7','8','4.5','6','8','7.5',7),(37780,'20221','TA',2204,'222','8','5','6','7','5','9',7),(37781,'20221','CN',2204,'222','8','5','6','7','5','9',7),(37782,'20221','GD',2204,'222','8','5','6','7','5','9',7),(37783,'20221','HH',2204,'222','8','5','6','7','5','9',7),(37784,'20221','LS',2204,'222','8','5','6','7','5','9',7),(37785,'20221','GT',2204,'222','8','5','6','7','5','9',7),(37786,'20221','TH',2204,'222','8','5','6','7','5','9',7),(37787,'20221','NV',2204,'222','8','5','6','7','5','9',7),(37788,'20221','TA',2205,'222','10','8','9','7','7.5','8',8),(37789,'20221','CN',2205,'222','10','8','9','7','7.5','8',8),(37790,'20221','GD',2205,'222','10','8','9','7','7.5','8',8),(37791,'20221','HH',2205,'222','10','8','9','7','7.5','8',8),(37792,'20221','LS',2205,'222','10','8','9','7','7.5','8',8),(37793,'20221','GT',2205,'222','10','8','9','7','7.5','8',8),(37794,'20221','TH',2205,'222','10','8','9','7','7.5','8',8),(37795,'20221','NV',2205,'222','10','8','9','7','7.5','8',8),(37796,'20221','TA',2206,'222','1','2','3','4','5','6',4.2),(37797,'20221','CN',2206,'222','1','2','3','4','5','6',4.2),(37798,'20221','GD',2206,'222','1','2','3','4','5','6',4.2),(37799,'20221','HH',2206,'222','1','2','3','4','5','6',4.2),(37800,'20221','LS',2206,'222','1','2','3','4','5','6',4.2),(37801,'20221','GT',2206,'222','1','2','3','4','5','6',4.2),(37802,'20221','TH',2206,'222','1','2','3','4','5','6',4.2),(37803,'20221','NV',2206,'222','1','2','3','4','5','6',4.2),(37804,'20222','TA',2204,'222','8','5','6','7','5','9',7),(37805,'20222','CN',2204,'222','8','5','6','7','5','9',7),(37806,'20222','GD',2204,'222','8','5','6','7','5','9',7),(37807,'20222','HH',2204,'222','8','5','6','7','5','9',7),(37808,'20222','LS',2204,'222','8','5','6','7','5','9',7),(37809,'20222','GT',2204,'222','8','5','6','7','5','9',7),(37810,'20222','TH',2204,'222','8','5','6','7','5','9',7),(37811,'20222','NV',2204,'222','8','5','6','7','5','9',7),(37812,'20222','TA',2205,'222','10','8','9','7','7.5','8',8),(37813,'20222','CN',2205,'222','10','8','9','7','7.5','8',8),(37814,'20222','GD',2205,'222','10','8','9','7','7.5','8',8),(37815,'20222','HH',2205,'222','10','8','9','7','7.5','8',8),(37816,'20222','LS',2205,'222','10','8','9','7','7.5','8',8),(37817,'20222','GT',2205,'222','10','8','9','7','7.5','8',8),(37818,'20222','TH',2205,'222','10','8','9','7','7.5','8',8),(37819,'20222','NV',2205,'222','10','8','9','7','7.5','8',8),(37820,'20222','TA',2206,'222','1','2','3','4','5','6',4.2),(37821,'20222','CN',2206,'222','1','2','3','4','5','6',4.2),(37822,'20222','GD',2206,'222','1','2','3','4','5','6',4.2),(37823,'20222','HH',2206,'222','1','2','3','4','5','6',4.2),(37824,'20222','LS',2206,'222','1','2','3','4','5','6',4.2),(37825,'20222','GT',2206,'222','1','2','3','4','5','6',4.2),(37826,'20222','TH',2206,'222','1','2','3','4','5','6',4.2),(37827,'20222','NV',2206,'222','1','2','3','4','5','6',4.2),(37828,'20221','TA',2207,'223','8','5','6','7','5','9',7),(37829,'20221','CN',2207,'223','8','5','6','7','5','9',7),(37830,'20221','GD',2207,'223','8','5','6','7','5','9',7),(37831,'20221','HH',2207,'223','8','5','6','7','5','9',7),(37832,'20221','LS',2207,'223','8','5','6','7','5','9',7),(37833,'20221','GT',2207,'223','8','5','6','7','5','9',7),(37834,'20221','TH',2207,'223','8','5','6','7','5','9',7),(37835,'20221','NV',2207,'223','8','5','6','7','5','9',7),(37836,'20221','TA',2208,'223','8','5','6','7','5','9',7),(37837,'20221','CN',2208,'223','8','5','6','7','5','9',7),(37838,'20221','GD',2208,'223','8','5','6','7','5','9',7),(37839,'20221','HH',2208,'223','8','5','6','7','5','9',7),(37840,'20221','LS',2208,'223','8','5','6','7','5','9',7),(37841,'20221','GT',2208,'223','8','5','6','7','5','9',7),(37842,'20221','TH',2208,'223','8','5','6','7','5','9',7),(37843,'20221','NV',2208,'223','8','5','6','7','5','9',7),(37844,'20221','TA',2209,'223','7','8','4.5','6','8','7.5',7),(37845,'20221','CN',2209,'223','7','8','4.5','6','8','7.5',7),(37846,'20221','GD',2209,'223','7','8','4.5','6','8','7.5',7),(37847,'20221','HH',2209,'223','7','8','4.5','6','8','7.5',7),(37848,'20221','LS',2209,'223','7','8','4.5','6','8','7.5',7),(37849,'20221','GT',2209,'223','7','8','4.5','6','8','7.5',7),(37850,'20221','TH',2209,'223','7','8','4.5','6','8','7.5',7),(37851,'20221','NV',2209,'223','7','8','4.5','6','8','7.5',7),(37852,'20222','TA',2207,'223','8','5','6','7','5','9',7),(37853,'20222','CN',2207,'223','8','5','6','7','5','9',7),(37854,'20222','GD',2207,'223','8','5','6','7','5','9',7),(37855,'20222','HH',2207,'223','8','5','6','7','5','9',7),(37856,'20222','LS',2207,'223','8','5','6','7','5','9',7),(37857,'20222','GT',2207,'223','8','5','6','7','5','9',7),(37858,'20222','TH',2207,'223','8','5','6','7','5','9',7),(37859,'20222','NV',2207,'223','8','5','6','7','5','9',7),(37860,'20222','TA',2208,'223','8','5','6','7','5','9',7),(37861,'20222','CN',2208,'223','8','5','6','7','5','9',7),(37862,'20222','GD',2208,'223','8','5','6','7','5','9',7),(37863,'20222','HH',2208,'223','8','5','6','7','5','9',7),(37864,'20222','LS',2208,'223','8','5','6','7','5','9',7),(37865,'20222','GT',2208,'223','8','5','6','7','5','9',7),(37866,'20222','TH',2208,'223','8','5','6','7','5','9',7),(37867,'20222','NV',2208,'223','8','5','6','7','5','9',7),(37868,'20222','TA',2209,'223','7','8','4.5','6','8','7.5',7),(37869,'20222','CN',2209,'223','7','8','4.5','6','8','7.5',7),(37870,'20222','GD',2209,'223','7','8','4.5','6','8','7.5',7),(37871,'20222','HH',2209,'223','7','8','4.5','6','8','7.5',7),(37872,'20222','LS',2209,'223','7','8','4.5','6','8','7.5',7),(37873,'20222','GT',2209,'223','7','8','4.5','6','8','7.5',7),(37874,'20222','TH',2209,'223','7','8','4.5','6','8','7.5',7),(37875,'20222','NV',2209,'223','7','8','4.5','6','8','7.5',7),(37876,'20211','TA',2101,'211','10','10','7.5','6','8','9',8.3),(37877,'20211','CN',2101,'211','10','10','7.5','6','8','9',8.3),(37878,'20211','GD',2101,'211','10','10','7.5','6','8','9',8.3),(37879,'20211','HH',2101,'211','10','10','7.5','6','8','9',8.3),(37880,'20211','LS',2101,'211','10','10','7.5','6','8','9',8.3),(37881,'20211','GT',2101,'211','10','10','7.5','6','8','9',8.3),(37882,'20211','TH',2101,'211','10','10','7.5','6','8','9',8.3),(37883,'20211','NV',2101,'211','10','10','7.5','6','8','9',8.3),(37884,'20211','TA',2102,'211','7','8','6','8','9','10',8.5),(37885,'20211','CN',2102,'211','7','8','6','8','9','10',8.5),(37886,'20211','GD',2102,'211','7','8','6','8','9','10',8.5),(37887,'20211','HH',2102,'211','7','8','6','8','9','10',8.5),(37888,'20211','LS',2102,'211','7','8','6','8','9','10',8.5),(37889,'20211','GT',2102,'211','7','8','6','8','9','10',8.5),(37890,'20211','TH',2102,'211','7','8','6','8','9','10',8.5),(37891,'20211','NV',2102,'211','7','8','6','8','9','10',8.5),(37892,'20211','TA',2103,'211','7','8','4.5','6','8','7.5',7),(37893,'20211','CN',2103,'211','7','8','4.5','6','8','7.5',7),(37894,'20211','GD',2103,'211','7','8','4.5','6','8','7.5',7),(37895,'20211','HH',2103,'211','7','8','4.5','6','8','7.5',7),(37896,'20211','LS',2103,'211','7','8','4.5','6','8','7.5',7),(37897,'20211','GT',2103,'211','7','8','4.5','6','8','7.5',7),(37898,'20211','TH',2103,'211','7','8','4.5','6','8','7.5',7),(37899,'20211','NV',2103,'211','7','8','4.5','6','8','7.5',7),(37900,'20212','TA',2101,'211','10','10','7.5','6','8','9',8.3),(37901,'20212','CN',2101,'211','10','10','7.5','6','8','9',8.3),(37902,'20212','GD',2101,'211','10','10','7.5','6','8','9',8.3),(37903,'20212','HH',2101,'211','10','10','7.5','6','8','9',8.3),(37904,'20212','LS',2101,'211','10','10','7.5','6','8','9',8.3),(37905,'20212','GT',2101,'211','10','10','7.5','6','8','9',8.3),(37906,'20212','TH',2101,'211','10','10','7.5','6','8','9',8.3),(37907,'20212','NV',2101,'211','10','10','7.5','6','8','9',8.3),(37908,'20212','TA',2102,'211','7','8','6','8','9','10',8.5),(37909,'20212','CN',2102,'211','7','8','6','8','9','10',8.5),(37910,'20212','GD',2102,'211','7','8','6','8','9','10',8.5),(37911,'20212','HH',2102,'211','7','8','6','8','9','10',8.5),(37912,'20212','LS',2102,'211','7','8','6','8','9','10',8.5),(37913,'20212','GT',2102,'211','7','8','6','8','9','10',8.5),(37914,'20212','TH',2102,'211','7','8','6','8','9','10',8.5),(37915,'20212','NV',2102,'211','7','8','6','8','9','10',8.5),(37916,'20212','TA',2103,'211','7','8','4.5','6','8','7.5',7),(37917,'20212','CN',2103,'211','7','8','4.5','6','8','7.5',7),(37918,'20212','GD',2103,'211','7','8','4.5','6','8','7.5',7),(37919,'20212','HH',2103,'211','7','8','4.5','6','8','7.5',7),(37920,'20212','LS',2103,'211','7','8','4.5','6','8','7.5',7),(37921,'20212','GT',2103,'211','7','8','4.5','6','8','7.5',7),(37922,'20212','TH',2103,'211','7','8','4.5','6','8','7.5',7),(37923,'20212','NV',2103,'211','7','8','4.5','6','8','7.5',7),(37924,'20211','TA',2104,'212','8','5','6','7','5','9',7),(37925,'20211','CN',2104,'212','8','5','6','7','5','9',7),(37926,'20211','GD',2104,'212','8','5','6','7','5','9',7),(37927,'20211','HH',2104,'212','8','5','6','7','5','9',7),(37928,'20211','LS',2104,'212','8','5','6','7','5','9',7),(37929,'20211','GT',2104,'212','8','5','6','7','5','9',7),(37930,'20211','TH',2104,'212','8','5','6','7','5','9',7),(37931,'20211','NV',2104,'212','8','5','6','7','5','9',7),(37932,'20211','TA',2105,'212','8','5','6','7','5','9',7),(37933,'20211','CN',2105,'212','8','5','6','7','5','9',7),(37934,'20211','GD',2105,'212','8','5','6','7','5','9',7),(37935,'20211','HH',2105,'212','8','5','6','7','5','9',7),(37936,'20211','LS',2105,'212','8','5','6','7','5','9',7),(37937,'20211','GT',2105,'212','8','5','6','7','5','9',7),(37938,'20211','TH',2105,'212','8','5','6','7','5','9',7),(37939,'20211','NV',2105,'212','8','5','6','7','5','9',7),(37940,'20211','TA',2106,'212','7','8','4.5','6','8','7.5',7),(37941,'20211','CN',2106,'212','7','8','4.5','6','8','7.5',7),(37942,'20211','GD',2106,'212','7','8','4.5','6','8','7.5',7),(37943,'20211','HH',2106,'212','7','8','4.5','6','8','7.5',7),(37944,'20211','LS',2106,'212','7','8','4.5','6','8','7.5',7),(37945,'20211','GT',2106,'212','7','8','4.5','6','8','7.5',7),(37946,'20211','TH',2106,'212','7','8','4.5','6','8','7.5',7),(37947,'20211','NV',2106,'212','7','8','4.5','6','8','7.5',7),(37948,'20212','TA',2104,'212','8','5','6','7','5','9',7),(37949,'20212','CN',2104,'212','8','5','6','7','5','9',7),(37950,'20212','GD',2104,'212','8','5','6','7','5','9',7),(37951,'20212','HH',2104,'212','8','5','6','7','5','9',7),(37952,'20212','LS',2104,'212','8','5','6','7','5','9',7),(37953,'20212','GT',2104,'212','8','5','6','7','5','9',7),(37954,'20212','TH',2104,'212','8','5','6','7','5','9',7),(37955,'20212','NV',2104,'212','8','5','6','7','5','9',7),(37956,'20212','TA',2105,'212','8','5','6','7','5','9',7),(37957,'20212','CN',2105,'212','8','5','6','7','5','9',7),(37958,'20212','GD',2105,'212','8','5','6','7','5','9',7),(37959,'20212','HH',2105,'212','8','5','6','7','5','9',7),(37960,'20212','LS',2105,'212','8','5','6','7','5','9',7),(37961,'20212','GT',2105,'212','8','5','6','7','5','9',7),(37962,'20212','TH',2105,'212','8','5','6','7','5','9',7),(37963,'20212','NV',2105,'212','8','5','6','7','5','9',7),(37964,'20212','TA',2106,'212','7','8','4.5','6','8','7.5',7),(37965,'20212','CN',2106,'212','7','8','4.5','6','8','7.5',7),(37966,'20212','GD',2106,'212','7','8','4.5','6','8','7.5',7),(37967,'20212','HH',2106,'212','7','8','4.5','6','8','7.5',7),(37968,'20212','LS',2106,'212','7','8','4.5','6','8','7.5',7),(37969,'20212','GT',2106,'212','7','8','4.5','6','8','7.5',7),(37970,'20212','TH',2106,'212','7','8','4.5','6','8','7.5',7),(37971,'20212','NV',2106,'212','7','8','4.5','6','8','7.5',7),(37972,'20211','TA',2107,'213','8','5','6','7','5','9',7),(37973,'20211','CN',2107,'213','8','5','6','7','5','9',7),(37974,'20211','GD',2107,'213','8','5','6','7','5','9',7),(37975,'20211','HH',2107,'213','8','5','6','7','5','9',7),(37976,'20211','LS',2107,'213','8','5','6','7','5','9',7),(37977,'20211','GT',2107,'213','8','5','6','7','5','9',7),(37978,'20211','TH',2107,'213','8','5','6','7','5','9',7),(37979,'20211','NV',2107,'213','8','5','6','7','5','9',7),(37980,'20211','TA',2108,'213','10','8','9','7','7.5','8',8),(37981,'20211','CN',2108,'213','10','8','9','7','7.5','8',8),(37982,'20211','GD',2108,'213','10','8','9','7','7.5','8',8),(37983,'20211','HH',2108,'213','10','8','9','7','7.5','8',8),(37984,'20211','LS',2108,'213','10','8','9','7','7.5','8',8),(37985,'20211','GT',2108,'213','10','8','9','7','7.5','8',8),(37986,'20211','TH',2108,'213','10','8','9','7','7.5','8',8),(37987,'20211','NV',2108,'213','10','8','9','7','7.5','8',8),(37988,'20211','TA',2109,'213','1','2','3','4','5','6',4.2),(37989,'20211','CN',2109,'213','1','2','3','4','5','6',4.2),(37990,'20211','GD',2109,'213','1','2','3','4','5','6',4.2),(37991,'20211','HH',2109,'213','1','2','3','4','5','6',4.2),(37992,'20211','LS',2109,'213','1','2','3','4','5','6',4.2),(37993,'20211','GT',2109,'213','1','2','3','4','5','6',4.2),(37994,'20211','TH',2109,'213','1','2','3','4','5','6',4.2),(37995,'20211','NV',2109,'213','1','2','3','4','5','6',4.2),(37996,'20212','TA',2107,'213','8','5','6','7','5','9',7),(37997,'20212','CN',2107,'213','8','5','6','7','5','9',7),(37998,'20212','GD',2107,'213','8','5','6','7','5','9',7),(37999,'20212','HH',2107,'213','8','5','6','7','5','9',7),(38000,'20212','LS',2107,'213','8','5','6','7','5','9',7),(38001,'20212','GT',2107,'213','8','5','6','7','5','9',7),(38002,'20212','TH',2107,'213','8','5','6','7','5','9',7),(38003,'20212','NV',2107,'213','8','5','6','7','5','9',7),(38004,'20212','TA',2108,'213','10','8','9','7','7.5','8',8),(38005,'20212','CN',2108,'213','10','8','9','7','7.5','8',8),(38006,'20212','GD',2108,'213','10','8','9','7','7.5','8',8),(38007,'20212','HH',2108,'213','10','8','9','7','7.5','8',8),(38008,'20212','LS',2108,'213','10','8','9','7','7.5','8',8),(38009,'20212','GT',2108,'213','10','8','9','7','7.5','8',8),(38010,'20212','TH',2108,'213','10','8','9','7','7.5','8',8),(38011,'20212','NV',2108,'213','10','8','9','7','7.5','8',8),(38012,'20212','TA',2109,'213','1','2','3','4','5','6',4.2),(38013,'20212','CN',2109,'213','1','2','3','4','5','6',4.2),(38014,'20212','GD',2109,'213','1','2','3','4','5','6',4.2),(38015,'20212','HH',2109,'213','1','2','3','4','5','6',4.2),(38016,'20212','LS',2109,'213','1','2','3','4','5','6',4.2),(38017,'20212','GT',2109,'213','1','2','3','4','5','6',4.2),(38018,'20212','TH',2109,'213','1','2','3','4','5','6',4.2),(38019,'20212','NV',2109,'213','1','2','3','4','5','6',4.2),(38020,'20201','TA',2001,'201','9','8','7.5','6','8','7',7.5),(38021,'20201','CN',2001,'201','10','10','7.5','6','8','9',8.3),(38022,'20201','GD',2001,'201','10','10','7.5','6','8','9',8.3),(38023,'20201','HH',2001,'201','10','10','7.5','6','8','9',8.3),(38024,'20201','LS',2001,'201','10','10','7.5','6','8','9',8.3),(38025,'20201','GT',2001,'201','10','10','7.5','6','8','9',8.3),(38026,'20201','TH',2001,'201','10','10','7.5','6','8','9',8.3),(38027,'20201','NV',2001,'201','10','10','7.5','6','8','9',8.3),(38028,'20201','TA',2002,'201','7','8','6','8','9','10',8.5),(38029,'20201','CN',2002,'201','7','8','6','8','9','10',8.5),(38030,'20201','GD',2002,'201','7','8','6','8','9','10',8.5),(38031,'20201','HH',2002,'201','7','8','6','8','9','10',8.5),(38032,'20201','LS',2002,'201','7','8','6','8','9','10',8.5),(38033,'20201','GT',2002,'201','7','8','6','8','9','10',8.5),(38034,'20201','TH',2002,'201','7','8','6','8','9','10',8.5),(38035,'20201','NV',2002,'201','7','8','6','8','9','10',8.5),(38036,'20201','TA',2003,'201','7','8','4.5','6','8','7.5',7),(38037,'20201','CN',2003,'201','7','8','4.5','6','8','7.5',7),(38038,'20201','GD',2003,'201','7','8','4.5','6','8','7.5',7),(38039,'20201','HH',2003,'201','7','8','4.5','6','8','7.5',7),(38040,'20201','LS',2003,'201','7','8','4.5','6','8','7.5',7),(38041,'20201','GT',2003,'201','7','8','4.5','6','8','7.5',7),(38042,'20201','TH',2003,'201','7','8','4.5','6','8','7.5',7),(38043,'20201','NV',2003,'201','7','8','4.5','6','8','7.5',7),(38044,'20202','TA',2001,'201','10','10','7.5','6','8','9',7.5),(38045,'20202','CN',2001,'201','10','10','7.5','6','8','9',8.3),(38046,'20202','GD',2001,'201','10','10','7.5','6','8','9',8.3),(38047,'20202','HH',2001,'201','10','10','7.5','6','8','9',8.3),(38048,'20202','LS',2001,'201','10','10','7.5','6','8','9',8.3),(38049,'20202','GT',2001,'201','10','10','7.5','6','8','9',8.3),(38050,'20202','TH',2001,'201','10','10','7.5','6','8','9',8.3),(38051,'20202','NV',2001,'201','10','10','7.5','6','8','9',8.3),(38052,'20202','TA',2002,'201','7','8','6','8','9','10',8.5),(38053,'20202','CN',2002,'201','7','8','6','8','9','10',8.5),(38054,'20202','GD',2002,'201','7','8','6','8','9','10',8.5),(38055,'20202','HH',2002,'201','7','8','6','8','9','10',8.5),(38056,'20202','LS',2002,'201','7','8','6','8','9','10',8.5),(38057,'20202','GT',2002,'201','7','8','6','8','9','10',8.5),(38058,'20202','TH',2002,'201','7','8','6','8','9','10',8.5),(38059,'20202','NV',2002,'201','7','8','6','8','9','10',8.5),(38060,'20202','TA',2003,'201','7','8','4.5','6','8','7.5',7),(38061,'20202','CN',2003,'201','7','8','4.5','6','8','7.5',7),(38062,'20202','GD',2003,'201','7','8','4.5','6','8','7.5',7),(38063,'20202','HH',2003,'201','7','8','4.5','6','8','7.5',7),(38064,'20202','LS',2003,'201','7','8','4.5','6','8','7.5',7),(38065,'20202','GT',2003,'201','7','8','4.5','6','8','7.5',7),(38066,'20202','TH',2003,'201','7','8','4.5','6','8','7.5',7),(38067,'20202','NV',2003,'201','7','8','4.5','6','8','7.5',7),(38068,'20201','TA',2004,'202','8','5','6','7','5','9',7),(38069,'20201','CN',2004,'202','8','5','6','7','5','9',7),(38070,'20201','GD',2004,'202','8','5','6','7','5','9',7),(38071,'20201','HH',2004,'202','8','5','6','7','5','9',7),(38072,'20201','LS',2004,'202','8','5','6','7','5','9',7),(38073,'20201','GT',2004,'202','8','5','6','7','5','9',7),(38074,'20201','TH',2004,'202','8','5','6','7','5','9',7),(38075,'20201','NV',2004,'202','8','5','6','7','5','9',7),(38076,'20201','TA',2005,'202','10','8','9','7','7.5','8',8),(38077,'20201','CN',2005,'202','10','8','9','7','7.5','8',8),(38078,'20201','GD',2005,'202','10','8','9','7','7.5','8',8),(38079,'20201','HH',2005,'202','10','8','9','7','7.5','8',8),(38080,'20201','LS',2005,'202','10','8','9','7','7.5','8',8),(38081,'20201','GT',2005,'202','10','8','9','7','7.5','8',8),(38082,'20201','TH',2005,'202','10','8','9','7','7.5','8',8),(38083,'20201','NV',2005,'202','10','8','9','7','7.5','8',8),(38084,'20201','TA',2006,'202','7','8','4.5','6','8','7.5',7),(38085,'20201','CN',2006,'202','7','8','4.5','6','8','7.5',7),(38086,'20201','GD',2006,'202','7','8','4.5','6','8','7.5',7),(38087,'20201','HH',2006,'202','7','8','4.5','6','8','7.5',7),(38088,'20201','LS',2006,'202','7','8','4.5','6','8','7.5',7),(38089,'20201','GT',2006,'202','7','8','4.5','6','8','7.5',7),(38090,'20201','TH',2006,'202','7','8','4.5','6','8','7.5',7),(38091,'20201','NV',2006,'202','7','8','4.5','6','8','7.5',7),(38092,'20202','TA',2004,'202','8','5','6','7','5','9',7),(38093,'20202','CN',2004,'202','8','5','6','7','5','9',7),(38094,'20202','GD',2004,'202','8','5','6','7','5','9',7),(38095,'20202','HH',2004,'202','8','5','6','7','5','9',7),(38096,'20202','LS',2004,'202','8','5','6','7','5','9',7),(38097,'20202','GT',2004,'202','8','5','6','7','5','9',7),(38098,'20202','TH',2004,'202','8','5','6','7','5','9',7),(38099,'20202','NV',2004,'202','8','5','6','7','5','9',7),(38100,'20202','TA',2005,'202','10','8','9','7','7.5','8',8),(38101,'20202','CN',2005,'202','10','8','9','7','7.5','8',8),(38102,'20202','GD',2005,'202','10','8','9','7','7.5','8',8),(38103,'20202','HH',2005,'202','10','8','9','7','7.5','8',8),(38104,'20202','LS',2005,'202','10','8','9','7','7.5','8',8),(38105,'20202','GT',2005,'202','10','8','9','7','7.5','8',8),(38106,'20202','TH',2005,'202','10','8','9','7','7.5','8',8),(38107,'20202','NV',2005,'202','10','8','9','7','7.5','8',8),(38108,'20202','TA',2006,'202','7','8','4.5','6','8','7.5',7),(38109,'20202','CN',2006,'202','7','8','4.5','6','8','7.5',7),(38110,'20202','GD',2006,'202','7','8','4.5','6','8','7.5',7),(38111,'20202','HH',2006,'202','7','8','4.5','6','8','7.5',7),(38112,'20202','LS',2006,'202','7','8','4.5','6','8','7.5',7),(38113,'20202','GT',2006,'202','7','8','4.5','6','8','7.5',7),(38114,'20202','TH',2006,'202','7','8','4.5','6','8','7.5',7),(38115,'20202','NV',2006,'202','7','8','4.5','6','8','7.5',7),(38116,'20201','TA',2007,'203','8','5','6','7','5','9',7),(38117,'20201','CN',2007,'203','8','5','6','7','5','9',7),(38118,'20201','GD',2007,'203','8','5','6','7','5','9',7),(38119,'20201','HH',2007,'203','8','5','6','7','5','9',7),(38120,'20201','LS',2007,'203','8','5','6','7','5','9',7),(38121,'20201','GT',2007,'203','8','5','6','7','5','9',7),(38122,'20201','TH',2007,'203','8','5','6','7','5','9',7),(38123,'20201','NV',2007,'203','8','5','6','7','5','9',7),(38124,'20201','TA',2008,'203','10','8','9','7','7.5','8',8),(38125,'20201','CN',2008,'203','10','8','9','7','7.5','8',8),(38126,'20201','GD',2008,'203','10','8','9','7','7.5','8',8),(38127,'20201','HH',2008,'203','10','8','9','7','7.5','8',8),(38128,'20201','LS',2008,'203','10','8','9','7','7.5','8',8),(38129,'20201','GT',2008,'203','10','8','9','7','7.5','8',8),(38130,'20201','TH',2008,'203','10','8','9','7','7.5','8',8),(38131,'20201','NV',2008,'203','10','8','9','7','7.5','8',8),(38132,'20201','TA',2009,'203','7','8','4.5','6','8','7.5',7),(38133,'20201','CN',2009,'203','7','8','4.5','6','8','7.5',7),(38134,'20201','GD',2009,'203','7','8','4.5','6','8','7.5',7),(38135,'20201','HH',2009,'203','7','8','4.5','6','8','7.5',7),(38136,'20201','LS',2009,'203','7','8','4.5','6','8','7.5',7),(38137,'20201','GT',2009,'203','7','8','4.5','6','8','7.5',7),(38138,'20201','TH',2009,'203','7','8','4.5','6','8','7.5',7),(38139,'20201','NV',2009,'203','7','8','4.5','6','8','7.5',7),(38140,'20202','TA',2007,'203','8','5','6','7','5','9',7),(38141,'20202','CN',2007,'203','8','5','6','7','5','9',7),(38142,'20202','GD',2007,'203','8','5','6','7','5','9',7),(38143,'20202','HH',2007,'203','8','5','6','7','5','9',7),(38144,'20202','LS',2007,'203','8','5','6','7','5','9',7),(38145,'20202','GT',2007,'203','8','5','6','7','5','9',7),(38146,'20202','TH',2007,'203','8','5','6','7','5','9',7),(38147,'20202','NV',2007,'203','8','5','6','7','5','9',7),(38148,'20202','TA',2008,'203','10','8','9','7','7.5','8',8),(38149,'20202','CN',2008,'203','10','8','9','7','7.5','8',8),(38150,'20202','GD',2008,'203','10','8','9','7','7.5','8',8),(38151,'20202','HH',2008,'203','10','8','9','7','7.5','8',8),(38152,'20202','LS',2008,'203','10','8','9','7','7.5','8',8),(38153,'20202','GT',2008,'203','10','8','9','7','7.5','8',8),(38154,'20202','TH',2008,'203','10','8','9','7','7.5','8',8),(38155,'20202','NV',2008,'203','10','8','9','7','7.5','8',8),(38156,'20202','TA',2009,'203','7','8','4.5','6','8','7.5',7),(38157,'20202','CN',2009,'203','7','8','4.5','6','8','7.5',7),(38158,'20202','GD',2009,'203','7','8','4.5','6','8','7.5',7),(38159,'20202','HH',2009,'203','7','8','4.5','6','8','7.5',7),(38160,'20202','LS',2009,'203','7','8','4.5','6','8','7.5',7),(38161,'20202','GT',2009,'203','7','8','4.5','6','8','7.5',7),(38162,'20202','TH',2009,'203','7','8','4.5','6','8','7.5',7),(38163,'20202','NV',2009,'203','7','8','4.5','6','8','7.5',7);
/*!40000 ALTER TABLE `diem` ENABLE KEYS */;
UNLOCK TABLES;

--
-- Table structure for table `giaovien`
--

DROP TABLE IF EXISTS `giaovien`;
/*!40101 SET @saved_cs_client     = @@character_set_client */;
/*!50503 SET character_set_client = utf8mb4 */;
CREATE TABLE `giaovien` (
  `MaGV` int NOT NULL,
  `MaMonHoc` varchar(5) CHARACTER SET utf8mb3 COLLATE utf8mb3_unicode_ci NOT NULL,
  `TenGV` varchar(50) CHARACTER SET utf8mb3 COLLATE utf8mb3_unicode_ci NOT NULL,
  `DiaChi` varchar(50) CHARACTER SET utf8mb3 COLLATE utf8mb3_unicode_ci NOT NULL,
  `SDT` varchar(11) CHARACTER SET utf8mb3 COLLATE utf8mb3_unicode_ci NOT NULL,
  `gv_mail` varchar(50) CHARACTER SET utf8mb3 COLLATE utf8mb3_unicode_ci NOT NULL,
  `gv_pass` varchar(50) CHARACTER SET utf8mb3 COLLATE utf8mb3_unicode_ci NOT NULL,
  PRIMARY KEY (`MaGV`),
  UNIQUE KEY `SDT` (`SDT`),
  KEY `fk_gv_mh` (`MaMonHoc`),
  CONSTRAINT `fk_gv_mh` FOREIGN KEY (`MaMonHoc`) REFERENCES `monhoc` (`MaMonHoc`)
) ENGINE=InnoDB DEFAULT CHARSET=utf8mb3 COLLATE=utf8mb3_unicode_ci;
/*!40101 SET character_set_client = @saved_cs_client */;

--
-- Dumping data for table `giaovien`
--

LOCK TABLES `giaovien` WRITE;
/*!40000 ALTER TABLE `giaovien` DISABLE KEYS */;
INSERT INTO `giaovien` VALUES (1,'TA','Trần Thị Hả','Bắc Giang','0123456789','gv.hao@gmail.com','e10adc3949ba59abbe56e057f20f883e'),(2,'CN','Đào Thị Thanh','Hà Nội','0123456788','gv.thanh@gmail.com','e10adc3949ba59abbe56e057f20f883e'),(3,'GD','Cù Văn Nghĩa','Hà Nội','0123456787','gv.nghia@gmail.com','e10adc3949ba59abbe56e057f20f883e'),(4,'HH','Trần Thị Thanh','Hà Nội','0123456786','gv.thanh2@gmail.com','e10adc3949ba59abbe56e057f20f883e'),(5,'LS','Thanh Thị Hảo','Hưng Yên','0123456785','gv.hao2@gmail.com','e10adc3949ba59abbe56e057f20f883e'),(6,'GT','Nguyễn Ngọc Vũ','Thái Bình','0123456784','gv.vu@gmail.com','e10adc3949ba59abbe56e057f20f883e'),(7,'TH','Nguyễn Thị Hương','Hà Nội','0123456873','gv.huong@gmail.com','e10adc3949ba59abbe56e057f20f883e'),(8,'NV','Phan Nghĩa Bá','Nghệ An','0123546782','gv.ba@gmail.com','e10adc3949ba59abbe56e057f20f883e'),(13,'CN','Nguyễn Quang Hưng','hà nôi','0977500466','123@gmail.com','e10adc3949ba59abbe56e057f20f883e');
/*!40000 ALTER TABLE `giaovien` ENABLE KEYS */;
UNLOCK TABLES;

--
-- Table structure for table `hocky`
--

DROP TABLE IF EXISTS `hocky`;
/*!40101 SET @saved_cs_client     = @@character_set_client */;
/*!50503 SET character_set_client = utf8mb4 */;
CREATE TABLE `hocky` (
  `MaHocKy` varchar(5) CHARACTER SET utf8mb3 COLLATE utf8mb3_unicode_ci NOT NULL,
  `TenHocKy` varchar(20) CHARACTER SET utf8mb3 COLLATE utf8mb3_unicode_ci NOT NULL,
  `HeSoHK` int NOT NULL,
  `NamHoc` char(10) CHARACTER SET utf8mb3 COLLATE utf8mb3_unicode_ci NOT NULL,
  PRIMARY KEY (`MaHocKy`),
  KEY `NamHoc` (`NamHoc`)
) ENGINE=InnoDB DEFAULT CHARSET=utf8mb3 COLLATE=utf8mb3_unicode_ci;
/*!40101 SET character_set_client = @saved_cs_client */;

--
-- Dumping data for table `hocky`
--

LOCK TABLES `hocky` WRITE;
/*!40000 ALTER TABLE `hocky` DISABLE KEYS */;
INSERT INTO `hocky` VALUES ('20201','Học Kỳ I',1,'20-21'),('20202','Học Kỳ II',2,'20-21'),('20211','Học Kỳ I',1,'21-22'),('20212','Học Kỳ II',2,'21-22'),('20221','Học Kỳ I',1,'22-23'),('20222','Học Kỳ II',2,'22-23');
/*!40000 ALTER TABLE `hocky` ENABLE KEYS */;
UNLOCK TABLES;

--
-- Table structure for table `hocsinh`
--

DROP TABLE IF EXISTS `hocsinh`;
/*!40101 SET @saved_cs_client     = @@character_set_client */;
/*!50503 SET character_set_client = utf8mb4 */;
CREATE TABLE `hocsinh` (
  `MaHS` int NOT NULL,
  `MaLopHoc` varchar(10) CHARACTER SET utf8mb3 COLLATE utf8mb3_unicode_ci NOT NULL,
  `TenHS` varchar(50) CHARACTER SET utf8mb3 COLLATE utf8mb3_unicode_ci NOT NULL,
  `GioiTinh` varchar(5) CHARACTER SET utf8mb3 COLLATE utf8mb3_unicode_ci NOT NULL,
  `NgaySinh` date NOT NULL,
  `NoiSinh` varchar(50) CHARACTER SET utf8mb3 COLLATE utf8mb3_unicode_ci NOT NULL,
  `DanToc` varchar(10) CHARACTER SET utf8mb3 COLLATE utf8mb3_unicode_ci NOT NULL,
  `HoTenCha` varchar(50) CHARACTER SET utf8mb3 COLLATE utf8mb3_unicode_ci NOT NULL,
  `HoTenMe` varchar(50) CHARACTER SET utf8mb3 COLLATE utf8mb3_unicode_ci NOT NULL,
  PRIMARY KEY (`MaHS`),
  KEY `fk_hs_lh` (`MaLopHoc`),
  CONSTRAINT `fk_hs_lh` FOREIGN KEY (`MaLopHoc`) REFERENCES `lophoc` (`MaLopHoc`)
) ENGINE=InnoDB DEFAULT CHARSET=utf8mb3 COLLATE=utf8mb3_unicode_ci;
/*!40101 SET character_set_client = @saved_cs_client */;

--
-- Dumping data for table `hocsinh`
--

LOCK TABLES `hocsinh` WRITE;
/*!40000 ALTER TABLE `hocsinh` DISABLE KEYS */;
INSERT INTO `hocsinh` VALUES (2001,'201','Trương Người Ch','Nữ','2002-04-11','Hà Nội','Kinh','A','B'),(2002,'201','Nguyễn Người Đời','Nữ','2002-04-11','Hà Nội','Kinh','A','B'),(2003,'201','Vũ Sẽ Nhận','Nữ','2002-04-11','Hà Nội','Kinh','A','B'),(2004,'202','Đào Anh Mong','Nữ','2002-04-11','Hà Nội','Kinh','A','B'),(2005,'202','Nguyễn Không Nên','Nữ','2002-04-11','Hà Nội','Kinh','A','B'),(2006,'202','Phạm Từng Đấy','Nữ','2002-04-11','Hà Nội','Kinh','A','B'),(2007,'203','Đỗ Thật Lòng','Nữ','2002-04-11','Hà Nội','Kinh','A','B'),(2008,'203','Nguyễn Em Hãy','Nữ','2002-04-11','Hà Nội','Kinh','A','B'),(2009,'203','Vui Thị Buồn','Nữ','2002-04-11','Hà Nội','Kinh','A','B'),(2101,'211','Trương Người Chỉ','Nữ','2003-04-11','Hà Nội','Kinh','A','B'),(2102,'211','Nguyễn Người Đời','Nữ','2003-04-11','Hà Nội','Kinh','A','B'),(2103,'211','Vũ Sẽ Nhận','Nữ','2003-04-11','Hà Nội','Kinh','A','B'),(2104,'212','Đào Anh Mong','Nữ','2003-04-11','Hà Nội','Kinh','A','B'),(2105,'212','Nguyễn Không Nên','Nữ','2003-04-11','Hà Nội','Kinh','A','B'),(2106,'212','Phạm Từng Đấy','Nữ','2003-04-11','Hà Nội','Kinh','A','B'),(2107,'213','Đỗ Thật Lòng','Nữ','2003-04-11','Hà Nội','Kinh','A','B'),(2108,'213','Nguyễn Em Hãy','Nữ','2003-04-11','Hà Nội','Kinh','A','B'),(2109,'213','Vui Thị Buồn','Nữ','2003-04-11','Hà Nội','Kinh','A','B'),(2201,'221','Trương Người Chỉ','Nữ','2004-04-11','Hà Nội','Kinh','A','B'),(2202,'221','Nguyễn Người Đời','Nữ','2004-04-11','Hà Nội','Kinh','A','B'),(2203,'221','Vũ Sẽ Nhận','Nữ','2004-04-11','Hà Nội','Kinh','A','B'),(2204,'222','Đào Anh Mong','Nữ','2004-04-11','Hà Nội','Kinh','A','B'),(2205,'222','Nguyễn Không Nên','Nữ','2004-04-11','Hà Nội','Kinh','A','B'),(2206,'222','Phạm Từng Đấy','Nữ','2004-04-11','Hà Nội','Kinh','A','B'),(2207,'223','Đỗ Thật Lòng','Nữ','2004-04-11','Hà Nội','Kinh','A','B'),(2208,'223','Nguyễn Em Hãy','Nữ','2004-04-11','Hà Nội','Kinh','A','B'),(2209,'223','Vui Thị Buồn','Nữ','2004-04-11','Hà Nội','Kinh','A','B');
/*!40000 ALTER TABLE `hocsinh` ENABLE KEYS */;
UNLOCK TABLES;

--
-- Table structure for table `lophoc`
--

DROP TABLE IF EXISTS `lophoc`;
/*!40101 SET @saved_cs_client     = @@character_set_client */;
/*!50503 SET character_set_client = utf8mb4 */;
CREATE TABLE `lophoc` (
  `MaLopHoc` varchar(10) CHARACTER SET utf8mb3 COLLATE utf8mb3_unicode_ci NOT NULL,
  `Tenlophoc` varchar(20) CHARACTER SET utf8mb3 COLLATE utf8mb3_unicode_ci NOT NULL,
  `KhoiHoc` varchar(10) CHARACTER SET utf8mb4 COLLATE utf8mb4_unicode_ci NOT NULL,
  PRIMARY KEY (`MaLopHoc`)
) ENGINE=InnoDB DEFAULT CHARSET=utf8mb3 COLLATE=utf8mb3_unicode_ci;
/*!40101 SET character_set_client = @saved_cs_client */;

--
-- Dumping data for table `lophoc`
--

LOCK TABLES `lophoc` WRITE;
/*!40000 ALTER TABLE `lophoc` DISABLE KEYS */;
INSERT INTO `lophoc` VALUES ('201','12C1','12'),('202','12C2','12'),('203','12C3','12'),('211','11B1','11'),('212','11B2','11'),('213','11B3','11'),('221','10A1','10'),('222','10A2','10'),('223','10A3','10');
/*!40000 ALTER TABLE `lophoc` ENABLE KEYS */;
UNLOCK TABLES;

--
-- Table structure for table `monhoc`
--

DROP TABLE IF EXISTS `monhoc`;
/*!40101 SET @saved_cs_client     = @@character_set_client */;
/*!50503 SET character_set_client = utf8mb4 */;
CREATE TABLE `monhoc` (
  `MaMonHoc` varchar(5) CHARACTER SET utf8mb3 COLLATE utf8mb3_unicode_ci NOT NULL,
  `TenMonHoc` varchar(20) CHARACTER SET utf8mb3 COLLATE utf8mb3_unicode_ci NOT NULL,
  `SoTiet` int NOT NULL,
  `HeSoMonHoc` int NOT NULL,
  PRIMARY KEY (`MaMonHoc`)
) ENGINE=InnoDB DEFAULT CHARSET=utf8mb3 COLLATE=utf8mb3_unicode_ci;
/*!40101 SET character_set_client = @saved_cs_client */;

--
-- Dumping data for table `monhoc`
--

LOCK TABLES `monhoc` WRITE;
/*!40000 ALTER TABLE `monhoc` DISABLE KEYS */;
INSERT INTO `monhoc` VALUES ('CN','Công Nghệ',52,1),('GD','Giáo Dục Công Dân',35,1),('GT','Giải Tíchj',140,2),('HH','Hóa Học',70,1),('LS','Lịch Sử',105,1),('NV','Ngữ Văn',140,2),('TA','Tiếng Anh',105,1),('TH','Tin Học',35,1);
/*!40000 ALTER TABLE `monhoc` ENABLE KEYS */;
UNLOCK TABLES;

--
-- Table structure for table `namhoc`
--

DROP TABLE IF EXISTS `namhoc`;
/*!40101 SET @saved_cs_client     = @@character_set_client */;
/*!50503 SET character_set_client = utf8mb4 */;
CREATE TABLE `namhoc` (
  `MaNamHoc` int NOT NULL AUTO_INCREMENT,
  `NamHoc` char(10) CHARACTER SET utf8mb3 COLLATE utf8mb3_unicode_ci NOT NULL,
  PRIMARY KEY (`MaNamHoc`),
  UNIQUE KEY `NamHoc` (`NamHoc`),
  CONSTRAINT `namhoc_ibfk_1` FOREIGN KEY (`NamHoc`) REFERENCES `hocky` (`NamHoc`) ON DELETE CASCADE ON UPDATE CASCADE
) ENGINE=InnoDB AUTO_INCREMENT=225 DEFAULT CHARSET=utf8mb3 COLLATE=utf8mb3_unicode_ci;
/*!40101 SET character_set_client = @saved_cs_client */;

--
-- Dumping data for table `namhoc`
--

LOCK TABLES `namhoc` WRITE;
/*!40000 ALTER TABLE `namhoc` DISABLE KEYS */;
INSERT INTO `namhoc` VALUES (1,'20-21'),(2,'21-22'),(3,'22-23');
/*!40000 ALTER TABLE `namhoc` ENABLE KEYS */;
UNLOCK TABLES;

--
-- Table structure for table `thongke`
--

DROP TABLE IF EXISTS `thongke`;
/*!40101 SET @saved_cs_client     = @@character_set_client */;
/*!50503 SET character_set_client = utf8mb4 */;
CREATE TABLE `thongke` (
  `id` int NOT NULL AUTO_INCREMENT,
  `MaHS` int NOT NULL,
  `MaLopHoc` varchar(10) CHARACTER SET utf8mb3 COLLATE utf8mb3_unicode_ci NOT NULL,
  `NamHoc` char(10) CHARACTER SET utf8mb3 COLLATE utf8mb3_unicode_ci NOT NULL,
  `TbNamHoc` float NOT NULL,
  PRIMARY KEY (`id`),
  KEY `MaHS` (`MaHS`),
  KEY `MaLopHoc` (`MaLopHoc`),
  KEY `NamHoc` (`NamHoc`),
  CONSTRAINT `thongke_ibfk_1` FOREIGN KEY (`MaHS`) REFERENCES `hocsinh` (`MaHS`) ON DELETE CASCADE ON UPDATE CASCADE,
  CONSTRAINT `thongke_ibfk_2` FOREIGN KEY (`MaLopHoc`) REFERENCES `lophoc` (`MaLopHoc`) ON DELETE CASCADE ON UPDATE CASCADE,
  CONSTRAINT `thongke_ibfk_3` FOREIGN KEY (`NamHoc`) REFERENCES `namhoc` (`NamHoc`) ON DELETE CASCADE ON UPDATE CASCADE
) ENGINE=InnoDB AUTO_INCREMENT=2393 DEFAULT CHARSET=utf8mb3 COLLATE=utf8mb3_unicode_ci;
/*!40101 SET character_set_client = @saved_cs_client */;

--
-- Dumping data for table `thongke`
--

LOCK TABLES `thongke` WRITE;
/*!40000 ALTER TABLE `thongke` DISABLE KEYS */;
INSERT INTO `thongke` VALUES (2366,2201,'221','22-23',8.3),(2367,2202,'221','22-23',7),(2368,2203,'221','22-23',8.5),(2369,2204,'222','22-23',7),(2370,2205,'222','22-23',8),(2371,2206,'222','22-23',4.2),(2372,2207,'223','22-23',7),(2373,2208,'223','22-23',7),(2374,2209,'223','22-23',7),(2375,2101,'211','21-22',8.3),(2376,2102,'211','21-22',7),(2377,2103,'211','21-22',8.5),(2378,2104,'212','21-22',7),(2379,2105,'212','21-22',7),(2380,2106,'212','21-22',7),(2381,2107,'213','21-22',7),(2382,2108,'213','21-22',8),(2383,2109,'213','21-22',4.2),(2384,2001,'201','20-21',8.2),(2385,2002,'201','20-21',8.5),(2386,2003,'201','20-21',7),(2387,2004,'202','20-21',7),(2388,2005,'202','20-21',8),(2389,2006,'202','20-21',7),(2390,2007,'203','20-21',7),(2391,2008,'203','20-21',8),(2392,2009,'203','20-21',7);
/*!40000 ALTER TABLE `thongke` ENABLE KEYS */;
UNLOCK TABLES;

--
-- Table structure for table `user`
--

DROP TABLE IF EXISTS `user`;
/*!40101 SET @saved_cs_client     = @@character_set_client */;
/*!50503 SET character_set_client = utf8mb4 */;
CREATE TABLE `user` (
  `user_id` int NOT NULL AUTO_INCREMENT,
  `user_name` varchar(50) CHARACTER SET utf8mb3 COLLATE utf8mb3_unicode_ci NOT NULL,
  `user_mail` varchar(50) CHARACTER SET utf8mb3 COLLATE utf8mb3_unicode_ci NOT NULL,
  `user_pass` varchar(50) CHARACTER SET utf8mb3 COLLATE utf8mb3_unicode_ci NOT NULL,
  `pass_forgot` varchar(50) CHARACTER SET utf8mb3 COLLATE utf8mb3_unicode_ci NOT NULL,
  `user_level` int NOT NULL,
  PRIMARY KEY (`user_id`)
) ENGINE=InnoDB AUTO_INCREMENT=18 DEFAULT CHARSET=utf8mb3 COLLATE=utf8mb3_unicode_ci;
/*!40101 SET character_set_client = @saved_cs_client */;

--
-- Dumping data for table `user`
--

LOCK TABLES `user` WRITE;
/*!40000 ALTER TABLE `user` DISABLE KEYS */;
INSERT INTO `user` VALUES (1,'Admin','admin@gmail.com','e10adc3949ba59abbe56e057f20f883e','123456',1),(2,'Nguyễn Quang Hưng','quanghung@gmail.com','e10adc3949ba59abbe56e057f20f883e','123456',1),(3,'Cao Văn Huy','caovanhy@gmail.com','e10adc3949ba59abbe56e057f20f883e','123456',2),(15,'Nguyễn Thế Anh','123@gmail.com','e10adc3949ba59abbe56e057f20f883e','123456',1),(16,'Nguyễn Việt Anh','hung123@gmail.com','e10adc3949ba59abbe56e057f20f883e','123456',2),(17,'Nguyễn Quang H','daovanhie@gmail.com','e10adc3949ba59abbe56e057f20f883e','123456',2);
/*!40000 ALTER TABLE `user` ENABLE KEYS */;
UNLOCK TABLES;
/*!40103 SET TIME_ZONE=@OLD_TIME_ZONE */;

/*!40101 SET SQL_MODE=@OLD_SQL_MODE */;
/*!40014 SET FOREIGN_KEY_CHECKS=@OLD_FOREIGN_KEY_CHECKS */;
/*!40014 SET UNIQUE_CHECKS=@OLD_UNIQUE_CHECKS */;
/*!40101 SET CHARACTER_SET_CLIENT=@OLD_CHARACTER_SET_CLIENT */;
/*!40101 SET CHARACTER_SET_RESULTS=@OLD_CHARACTER_SET_RESULTS */;
/*!40101 SET COLLATION_CONNECTION=@OLD_COLLATION_CONNECTION */;
/*!40111 SET SQL_NOTES=@OLD_SQL_NOTES */;

-- Dump completed on 2023-12-24 13:42:37
